<?xml version="1.0" encoding="UTF-8"?>
<!DOCTYPE mapper PUBLIC "-//mybatis.org//DTD Mapper 3.0//EN" "http://mybatis.org/dtd/mybatis-3-mapper.dtd">

<mapper namespace="com.dao.AixinhuodongDao">

	<!-- 可根据自己的需求，是否要使用 -->
    <resultMap type="com.entity.AixinhuodongEntity" id="aixinhuodongMap">
        <result property="huodongbiaoti" column="huodongbiaoti"/>
        <result property="huodongfengmian" column="huodongfengmian"/>
        <result property="huodongshijian" column="huodongshijian"/>
        <result property="huodongdidian" column="huodongdidian"/>
        <result property="huodongmude" column="huodongmude"/>
        <result property="huodongneirong" column="huodongneirong"/>
        <result property="fabushijian" column="fabushijian"/>
        <result property="yonghuzhanghao" column="yonghuzhanghao"/>
    </resultMap>

	<select id="selectListVO"
		resultType="com.entity.vo.AixinhuodongVO" >
		SELECT * FROM aixinhuodong  aixinhuodong         
        <where> 1=1 ${ew.sqlSegment}</where>
	</select>
	
	<select id="selectVO"
		resultType="com.entity.vo.AixinhuodongVO" >
		SELECT  aixinhuodong.* FROM aixinhuodong  aixinhuodong
 		<where> 1=1 ${ew.sqlSegment}</where>
	</select>

    <select id="selectListView"
		resultType="com.entity.view.AixinhuodongView" >

		SELECT  aixinhuodong.* FROM aixinhuodong  aixinhuodong 	        
        <where> 1=1 ${ew.sqlSegment}</where>
	</select>
	
	<select id="selectView"
		resultType="com.entity.view.AixinhuodongView" >
		SELECT * FROM aixinhuodong  aixinhuodong <where> 1=1 ${ew.sqlSegment}</where>
	</select>
	

	
</mapper>
