<?xml version="1.0" encoding="UTF-8"?>
<!DOCTYPE mapper PUBLIC "-//mybatis.org//DTD Mapper 3.0//EN" "http://mybatis.org/dtd/mybatis-3-mapper.dtd">

<mapper namespace="com.dao.GongyizixunDao">

	<!-- 可根据自己的需求，是否要使用 -->
    <resultMap type="com.entity.GongyizixunEntity" id="gongyizixunMap">
        <result property="gongyizhuti" column="gongyizhuti"/>
        <result property="fabushijian" column="fabushijian"/>
        <result property="gongyijianyao" column="gongyijianyao"/>
        <result property="gongyineirong" column="gongyineirong"/>
        <result property="fengmian" column="fengmian"/>
    </resultMap>

	<select id="selectListVO"
		resultType="com.entity.vo.GongyizixunVO" >
		SELECT * FROM gongyizixun  gongyizixun         
        <where> 1=1 ${ew.sqlSegment}</where>
	</select>
	
	<select id="selectVO"
		resultType="com.entity.vo.GongyizixunVO" >
		SELECT  gongyizixun.* FROM gongyizixun  gongyizixun
 		<where> 1=1 ${ew.sqlSegment}</where>
	</select>

    <select id="selectListView"
		resultType="com.entity.view.GongyizixunView" >

		SELECT  gongyizixun.* FROM gongyizixun  gongyizixun 	        
        <where> 1=1 ${ew.sqlSegment}</where>
	</select>
	
	<select id="selectView"
		resultType="com.entity.view.GongyizixunView" >
		SELECT * FROM gongyizixun  gongyizixun <where> 1=1 ${ew.sqlSegment}</where>
	</select>
	

	
</mapper>
