<?xml version="1.0" encoding="UTF-8"?>
<!DOCTYPE mapper PUBLIC "-//mybatis.org//DTD Mapper 3.0//EN" "http://mybatis.org/dtd/mybatis-3-mapper.dtd">

<mapper namespace="com.dao.JiaruhuodongDao">

	<!-- 可根据自己的需求，是否要使用 -->
    <resultMap type="com.entity.JiaruhuodongEntity" id="jiaruhuodongMap">
        <result property="huodongbiaoti" column="huodongbiaoti"/>
        <result property="huodongfengmian" column="huodongfengmian"/>
        <result property="huodongshijian" column="huodongshijian"/>
        <result property="huodongdidian" column="huodongdidian"/>
        <result property="huodongmude" column="huodongmude"/>
        <result property="huodongneirong" column="huodongneirong"/>
        <result property="fabushijian" column="fabushijian"/>
        <result property="yonghuzhanghao" column="yonghuzhanghao"/>
        <result property="tuanduizhanghao" column="tuanduizhanghao"/>
        <result property="jiaruriqi" column="jiaruriqi"/>
    </resultMap>

	<select id="selectListVO"
		resultType="com.entity.vo.JiaruhuodongVO" >
		SELECT * FROM jiaruhuodong  jiaruhuodong         
        <where> 1=1 ${ew.sqlSegment}</where>
	</select>
	
	<select id="selectVO"
		resultType="com.entity.vo.JiaruhuodongVO" >
		SELECT  jiaruhuodong.* FROM jiaruhuodong  jiaruhuodong
 		<where> 1=1 ${ew.sqlSegment}</where>
	</select>

    <select id="selectListView"
		resultType="com.entity.view.JiaruhuodongView" >

		SELECT  jiaruhuodong.* FROM jiaruhuodong  jiaruhuodong 	        
        <where> 1=1 ${ew.sqlSegment}</where>
	</select>
	
	<select id="selectView"
		resultType="com.entity.view.JiaruhuodongView" >
		SELECT * FROM jiaruhuodong  jiaruhuodong <where> 1=1 ${ew.sqlSegment}</where>
	</select>
	

	
</mapper>
