<?xml version="1.0" encoding="UTF-8"?>
<!DOCTYPE mapper PUBLIC "-//mybatis.org//DTD Mapper 3.0//EN" "http://mybatis.org/dtd/mybatis-3-mapper.dtd">

<mapper namespace="com.dao.JiuzhuxinxiDao">

	<!-- 可根据自己的需求，是否要使用 -->
    <resultMap type="com.entity.JiuzhuxinxiEntity" id="jiuzhuxinxiMap">
        <result property="juanzengjine" column="juanzengjine"/>
        <result property="yonghuzhanghao" column="yonghuzhanghao"/>
        <result property="yonghuxingming" column="yonghuxingming"/>
        <result property="tuanduizhanghao" column="tuanduizhanghao"/>
    </resultMap>

	<select id="selectListVO"
		resultType="com.entity.vo.JiuzhuxinxiVO" >
		SELECT * FROM jiuzhuxinxi  jiuzhuxinxi         
        <where> 1=1 ${ew.sqlSegment}</where>
	</select>
	
	<select id="selectVO"
		resultType="com.entity.vo.JiuzhuxinxiVO" >
		SELECT  jiuzhuxinxi.* FROM jiuzhuxinxi  jiuzhuxinxi
 		<where> 1=1 ${ew.sqlSegment}</where>
	</select>

    <select id="selectListView"
		resultType="com.entity.view.JiuzhuxinxiView" >

		SELECT  jiuzhuxinxi.* FROM jiuzhuxinxi  jiuzhuxinxi 	        
        <where> 1=1 ${ew.sqlSegment}</where>
	</select>
	
	<select id="selectView"
		resultType="com.entity.view.JiuzhuxinxiView" >
		SELECT * FROM jiuzhuxinxi  jiuzhuxinxi <where> 1=1 ${ew.sqlSegment}</where>
	</select>
	

	
</mapper>
