<?xml version="1.0" encoding="UTF-8"?>
<!DOCTYPE mapper PUBLIC "-//mybatis.org//DTD Mapper 3.0//EN" "http://mybatis.org/dtd/mybatis-3-mapper.dtd">

<mapper namespace="com.dao.JuanzengwuziDao">

	<!-- 可根据自己的需求，是否要使用 -->
    <resultMap type="com.entity.JuanzengwuziEntity" id="juanzengwuziMap">
        <result property="leixing" column="leixing"/>
        <result property="wupinmingcheng" column="wupinmingcheng"/>
        <result property="tupian" column="tupian"/>
        <result property="shuliang" column="shuliang"/>
        <result property="danwei" column="danwei"/>
        <result property="yonghuzhanghao" column="yonghuzhanghao"/>
        <result property="yonghuxingming" column="yonghuxingming"/>
        <result property="shoujihaoma" column="shoujihaoma"/>
        <result property="riqi" column="riqi"/>
        <result property="beizhu" column="beizhu"/>
        <result property="tuanduizhanghao" column="tuanduizhanghao"/>
        <result property="sfsh" column="sfsh"/>
        <result property="shhf" column="shhf"/>
    </resultMap>

	<select id="selectListVO"
		resultType="com.entity.vo.JuanzengwuziVO" >
		SELECT * FROM juanzengwuzi  juanzengwuzi         
        <where> 1=1 ${ew.sqlSegment}</where>
	</select>
	
	<select id="selectVO"
		resultType="com.entity.vo.JuanzengwuziVO" >
		SELECT  juanzengwuzi.* FROM juanzengwuzi  juanzengwuzi
 		<where> 1=1 ${ew.sqlSegment}</where>
	</select>

    <select id="selectListView"
		resultType="com.entity.view.JuanzengwuziView" >

		SELECT  juanzengwuzi.* FROM juanzengwuzi  juanzengwuzi 	        
        <where> 1=1 ${ew.sqlSegment}</where>
	</select>
	
	<select id="selectView"
		resultType="com.entity.view.JuanzengwuziView" >
		SELECT * FROM juanzengwuzi  juanzengwuzi <where> 1=1 ${ew.sqlSegment}</where>
	</select>
	

	
</mapper>
