<?xml version="1.0" encoding="UTF-8"?>
<!DOCTYPE mapper PUBLIC "-//mybatis.org//DTD Mapper 3.0//EN" "http://mybatis.org/dtd/mybatis-3-mapper.dtd">

<mapper namespace="com.dao.ZhiyuantuanduiDao">

	<!-- 可根据自己的需求，是否要使用 -->
    <resultMap type="com.entity.ZhiyuantuanduiEntity" id="zhiyuantuanduiMap">
        <result property="tuanduizhanghao" column="tuanduizhanghao"/>
        <result property="mima" column="mima"/>
        <result property="tuanduimingcheng" column="tuanduimingcheng"/>
        <result property="fuzeren" column="fuzeren"/>
        <result property="xingbie" column="xingbie"/>
        <result property="shoujihaoma" column="shoujihaoma"/>
        <result property="jiatingdizhi" column="jiatingdizhi"/>
        <result property="fengmian" column="fengmian"/>
    </resultMap>

	<select id="selectListVO"
		resultType="com.entity.vo.ZhiyuantuanduiVO" >
		SELECT * FROM zhiyuantuandui  zhiyuantuandui         
        <where> 1=1 ${ew.sqlSegment}</where>
	</select>
	
	<select id="selectVO"
		resultType="com.entity.vo.ZhiyuantuanduiVO" >
		SELECT  zhiyuantuandui.* FROM zhiyuantuandui  zhiyuantuandui
 		<where> 1=1 ${ew.sqlSegment}</where>
	</select>

    <select id="selectListView"
		resultType="com.entity.view.ZhiyuantuanduiView" >

		SELECT  zhiyuantuandui.* FROM zhiyuantuandui  zhiyuantuandui 	        
        <where> 1=1 ${ew.sqlSegment}</where>
	</select>
	
	<select id="selectView"
		resultType="com.entity.view.ZhiyuantuanduiView" >
		SELECT * FROM zhiyuantuandui  zhiyuantuandui <where> 1=1 ${ew.sqlSegment}</where>
	</select>
	

	
</mapper>
