<?xml version="1.0" encoding="UTF-8"?>
<!DOCTYPE mapper PUBLIC "-//mybatis.org//DTD Mapper 3.0//EN" "http://mybatis.org/dtd/mybatis-3-mapper.dtd">

<mapper namespace="com.dao.ZijinquxiangDao">

	<!-- 可根据自己的需求，是否要使用 -->
    <resultMap type="com.entity.ZijinquxiangEntity" id="zijinquxiangMap">
        <result property="zhuti" column="zhuti"/>
        <result property="fuwushijian" column="fuwushijian"/>
        <result property="fuwudidian" column="fuwudidian"/>
        <result property="fuwuleibie" column="fuwuleibie"/>
        <result property="fuwuduixiang" column="fuwuduixiang"/>
        <result property="xiangqing" column="xiangqing"/>
        <result property="fengmian" column="fengmian"/>
        <result property="juanzengjine" column="juanzengjine"/>
        <result property="yonghuzhanghao" column="yonghuzhanghao"/>
        <result property="tuanduizhanghao" column="tuanduizhanghao"/>
    </resultMap>

	<select id="selectListVO"
		resultType="com.entity.vo.ZijinquxiangVO" >
		SELECT * FROM zijinquxiang  zijinquxiang         
        <where> 1=1 ${ew.sqlSegment}</where>
	</select>
	
	<select id="selectVO"
		resultType="com.entity.vo.ZijinquxiangVO" >
		SELECT  zijinquxiang.* FROM zijinquxiang  zijinquxiang
 		<where> 1=1 ${ew.sqlSegment}</where>
	</select>

    <select id="selectListView"
		resultType="com.entity.view.ZijinquxiangView" >

		SELECT  zijinquxiang.* FROM zijinquxiang  zijinquxiang 	        
        <where> 1=1 ${ew.sqlSegment}</where>
	</select>
	
	<select id="selectView"
		resultType="com.entity.view.ZijinquxiangView" >
		SELECT * FROM zijinquxiang  zijinquxiang <where> 1=1 ${ew.sqlSegment}</where>
	</select>
	

    <select id="selectValue" resultType="map" >
        SELECT ${params.xColumn}, sum(${params.yColumn}) total FROM zijinquxiang
        <where> 1=1 ${ew.sqlSegment}</where>
        group by ${params.xColumn}
        limit 10
    </select>

    <select id="selectTimeStatValue" resultType="map" >
        <if test = 'params.timeStatType == "日"'>
                SELECT DATE_FORMAT(${params.xColumn},'%Y-%m-%d') ${params.xColumn}, sum(${params.yColumn}) total FROM zijinquxiang
                <where> 1=1 ${ew.sqlSegment}</where>
                group by DATE_FORMAT(${params.xColumn},'%Y-%m-%d')
        </if>
        <if test = 'params.timeStatType == "月"'>
                SELECT DATE_FORMAT(${params.xColumn},'%Y-%m') ${params.xColumn}, sum(${params.yColumn}) total FROM zijinquxiang
                <where> 1=1 ${ew.sqlSegment}</where>
                group by DATE_FORMAT(${params.xColumn},'%Y-%m')
        </if>
        <if test = 'params.timeStatType == "年"'>
                SELECT DATE_FORMAT(${params.xColumn},'%Y') ${params.xColumn}, sum(${params.yColumn}) total FROM zijinquxiang
                <where> 1=1 ${ew.sqlSegment}</where>
                group by DATE_FORMAT(${params.xColumn},'%Y')
        </if>
    </select>
   
    <select id="selectGroup" resultType="map" >
        SELECT ${params.column} , count(1) total FROM zijinquxiang  
        <where> 1=1 ${ew.sqlSegment}</where>
        group by ${params.column}
        limit 10
    </select>



	
</mapper>
